step,train_loss,train_ppl,eval_loss,eval_ppl,lr,tok_s,expert_0_share,expert_1_share,expert_2_share,expert_3_share,expert_dead_count,shared_gate,routed_gate,shared_rms,routed_rms,shared_grad_norm,routed_grad_norm,expert_0_grad_norm,expert_1_grad_norm,expert_2_grad_norm,expert_3_grad_norm,expert_diversity_loss,expert_diversity_lambda,total_loss
1,12.279434,215223.91,nan,nan,6.382979e-06,188695,nan,nan,nan,nan,0,nan,nan,nan,nan,nan,nan,nan,nan,nan,nan,nan,0.00000000e+00,12.279434
10,11.643225,113916.92,nan,nan,6.382979e-05,401942,nan,nan,nan,nan,0,nan,nan,nan,nan,nan,nan,nan,nan,nan,nan,nan,0.00000000e+00,11.643225
20,11.217101,74391.81,nan,nan,1.276596e-04,402491,nan,nan,nan,nan,0,nan,nan,nan,nan,nan,nan,nan,nan,nan,nan,nan,0.00000000e+00,11.217101
30,10.486391,35824.64,nan,nan,1.914894e-04,402623,nan,nan,nan,nan,0,nan,nan,nan,nan,nan,nan,nan,nan,nan,nan,nan,0.00000000e+00,10.486391
40,9.545792,13985.71,nan,nan,2.553191e-04,402468,nan,nan,nan,nan,0,nan,nan,nan,nan,nan,nan,nan,nan,nan,nan,nan,0.00000000e+00,9.545792
50,8.658394,5758.28,nan,nan,2.999927e-04,402576,nan,nan,nan,nan,0,nan,nan,nan,nan,nan,nan,nan,nan,nan,nan,nan,0.00000000e+00,8.658394
60,8.005293,2996.78,nan,nan,2.998632e-04,401384,nan,nan,nan,nan,0,nan,nan,nan,nan,nan,nan,nan,nan,nan,nan,nan,0.00000000e+00,8.005293
70,7.715832,2243.59,nan,nan,2.995718e-04,402514,nan,nan,nan,nan,0,nan,nan,nan,nan,nan,nan,nan,nan,nan,nan,nan,0.00000000e+00,7.715832
80,7.527536,1858.52,nan,nan,2.991191e-04,402439,nan,nan,nan,nan,0,nan,nan,nan,nan,nan,nan,nan,nan,nan,nan,nan,0.00000000e+00,7.527536
90,7.264406,1428.54,nan,nan,2.985054e-04,402363,nan,nan,nan,nan,0,nan,nan,nan,nan,nan,nan,nan,nan,nan,nan,nan,0.00000000e+00,7.264406
100,7.164882,1293.21,nan,nan,2.977316e-04,402477,nan,nan,nan,nan,0,nan,nan,nan,nan,nan,nan,nan,nan,nan,nan,nan,0.00000000e+00,7.164882
110,6.922222,1014.57,nan,nan,2.967986e-04,401246,nan,nan,nan,nan,0,nan,nan,nan,nan,nan,nan,nan,nan,nan,nan,nan,0.00000000e+00,6.922222
120,6.852816,946.54,nan,nan,2.957074e-04,402412,nan,nan,nan,nan,0,nan,nan,nan,nan,nan,nan,nan,nan,nan,nan,nan,0.00000000e+00,6.852816
130,6.683347,798.99,nan,nan,2.944595e-04,402302,nan,nan,nan,nan,0,nan,nan,nan,nan,nan,nan,nan,nan,nan,nan,nan,0.00000000e+00,6.683347
140,6.635960,762.01,nan,nan,2.930562e-04,402417,nan,nan,nan,nan,0,nan,nan,nan,nan,nan,nan,nan,nan,nan,nan,nan,0.00000000e+00,6.635960
150,6.479398,651.58,nan,nan,2.914994e-04,402321,nan,nan,nan,nan,0,nan,nan,nan,nan,nan,nan,nan,nan,nan,nan,nan,0.00000000e+00,6.479398
160,6.444063,628.96,nan,nan,2.897907e-04,401193,nan,nan,nan,nan,0,nan,nan,nan,nan,nan,nan,nan,nan,nan,nan,nan,0.00000000e+00,6.444063
170,6.370104,584.12,nan,nan,2.879324e-04,402291,nan,nan,nan,nan,0,nan,nan,nan,nan,nan,nan,nan,nan,nan,nan,nan,0.00000000e+00,6.370104
180,6.254762,520.49,nan,nan,2.859266e-04,402278,nan,nan,nan,nan,0,nan,nan,nan,nan,nan,nan,nan,nan,nan,nan,nan,0.00000000e+00,6.254762
190,6.316110,553.42,nan,nan,2.837758e-04,402297,nan,nan,nan,nan,0,nan,nan,nan,nan,nan,nan,nan,nan,nan,nan,nan,0.00000000e+00,6.316110
200,6.109984,450.33,nan,nan,2.814824e-04,402279,nan,nan,nan,nan,0,nan,nan,nan,nan,nan,nan,nan,nan,nan,nan,nan,0.00000000e+00,6.109984
210,6.159056,472.98,nan,nan,2.790494e-04,401268,nan,nan,nan,nan,0,nan,nan,nan,nan,nan,nan,nan,nan,nan,nan,nan,0.00000000e+00,6.159056
220,6.079451,436.79,nan,nan,2.764795e-04,402304,nan,nan,nan,nan,0,nan,nan,nan,nan,nan,nan,nan,nan,nan,nan,nan,0.00000000e+00,6.079451
230,6.116522,453.29,nan,nan,2.737759e-04,402339,nan,nan,nan,nan,0,nan,nan,nan,nan,nan,nan,nan,nan,nan,nan,nan,0.00000000e+00,6.116522
240,5.972029,392.30,nan,nan,2.709418e-04,402318,nan,nan,nan,nan,0,nan,nan,nan,nan,nan,nan,nan,nan,nan,nan,nan,0.00000000e+00,5.972029
250,5.991724,400.10,5.968818,391.04,2.679806e-04,402368,nan,nan,nan,nan,0,nan,nan,nan,nan,nan,nan,nan,nan,nan,nan,nan,0.00000000e+00,5.991724
260,5.927258,375.12,nan,nan,2.648958e-04,213651,nan,nan,nan,nan,0,nan,nan,nan,nan,nan,nan,nan,nan,nan,nan,nan,0.00000000e+00,5.927258
270,5.836335,342.52,nan,nan,2.616912e-04,402384,nan,nan,nan,nan,0,nan,nan,nan,nan,nan,nan,nan,nan,nan,nan,nan,0.00000000e+00,5.836335
280,5.862246,351.51,nan,nan,2.583707e-04,402362,nan,nan,nan,nan,0,nan,nan,nan,nan,nan,nan,nan,nan,nan,nan,nan,0.00000000e+00,5.862246
290,5.751160,314.56,nan,nan,2.549381e-04,402320,nan,nan,nan,nan,0,nan,nan,nan,nan,nan,nan,nan,nan,nan,nan,nan,0.00000000e+00,5.751160
300,5.788493,326.52,nan,nan,2.513976e-04,402333,nan,nan,nan,nan,0,nan,nan,nan,nan,nan,nan,nan,nan,nan,nan,nan,0.00000000e+00,5.788493
310,5.688107,295.33,nan,nan,2.477535e-04,401193,nan,nan,nan,nan,0,nan,nan,nan,nan,nan,nan,nan,nan,nan,nan,nan,0.00000000e+00,5.688107
320,5.699959,298.86,nan,nan,2.440102e-04,402438,nan,nan,nan,nan,0,nan,nan,nan,nan,nan,nan,nan,nan,nan,nan,nan,0.00000000e+00,5.699959
330,5.623181,276.77,nan,nan,2.401720e-04,402365,nan,nan,nan,nan,0,nan,nan,nan,nan,nan,nan,nan,nan,nan,nan,nan,0.00000000e+00,5.623181
340,5.673194,290.96,nan,nan,2.362437e-04,402351,nan,nan,nan,nan,0,nan,nan,nan,nan,nan,nan,nan,nan,nan,nan,nan,0.00000000e+00,5.673194
350,5.602499,271.10,nan,nan,2.322299e-04,402387,nan,nan,nan,nan,0,nan,nan,nan,nan,nan,nan,nan,nan,nan,nan,nan,0.00000000e+00,5.602499
360,5.550075,257.26,nan,nan,2.281354e-04,401233,nan,nan,nan,nan,0,nan,nan,nan,nan,nan,nan,nan,nan,nan,nan,nan,0.00000000e+00,5.550075
370,5.543944,255.68,nan,nan,2.239652e-04,402413,nan,nan,nan,nan,0,nan,nan,nan,nan,nan,nan,nan,nan,nan,nan,nan,0.00000000e+00,5.543944
380,5.452672,233.38,nan,nan,2.197243e-04,402361,nan,nan,nan,nan,0,nan,nan,nan,nan,nan,nan,nan,nan,nan,nan,nan,0.00000000e+00,5.452672
390,5.477901,239.34,nan,nan,2.154177e-04,402440,nan,nan,nan,nan,0,nan,nan,nan,nan,nan,nan,nan,nan,nan,nan,nan,0.00000000e+00,5.477901
400,5.547385,256.57,nan,nan,2.110506e-04,402350,nan,nan,nan,nan,0,nan,nan,nan,nan,nan,nan,nan,nan,nan,nan,nan,0.00000000e+00,5.547385
410,5.472321,238.01,nan,nan,2.066283e-04,401276,nan,nan,nan,nan,0,nan,nan,nan,nan,nan,nan,nan,nan,nan,nan,nan,0.00000000e+00,5.472321
420,5.374011,215.73,nan,nan,2.021561e-04,402419,nan,nan,nan,nan,0,nan,nan,nan,nan,nan,nan,nan,nan,nan,nan,nan,0.00000000e+00,5.374011
430,5.379904,217.00,nan,nan,1.976393e-04,402391,nan,nan,nan,nan,0,nan,nan,nan,nan,nan,nan,nan,nan,nan,nan,nan,0.00000000e+00,5.379904
440,5.341571,208.84,nan,nan,1.930833e-04,402402,nan,nan,nan,nan,0,nan,nan,nan,nan,nan,nan,nan,nan,nan,nan,nan,0.00000000e+00,5.341571
450,5.253306,191.20,nan,nan,1.884937e-04,402455,nan,nan,nan,nan,0,nan,nan,nan,nan,nan,nan,nan,nan,nan,nan,nan,0.00000000e+00,5.253306
460,5.374241,215.78,nan,nan,1.838758e-04,401167,nan,nan,nan,nan,0,nan,nan,nan,nan,nan,nan,nan,nan,nan,nan,nan,0.00000000e+00,5.374241
470,5.220057,184.94,nan,nan,1.792353e-04,402411,nan,nan,nan,nan,0,nan,nan,nan,nan,nan,nan,nan,nan,nan,nan,nan,0.00000000e+00,5.220057
480,5.313536,203.07,nan,nan,1.745778e-04,402394,nan,nan,nan,nan,0,nan,nan,nan,nan,nan,nan,nan,nan,nan,nan,nan,0.00000000e+00,5.313536
490,5.192242,179.87,nan,nan,1.699087e-04,402356,nan,nan,nan,nan,0,nan,nan,nan,nan,nan,nan,nan,nan,nan,nan,nan,0.00000000e+00,5.192242
500,5.295661,199.47,5.246698,189.94,1.652338e-04,402411,nan,nan,nan,nan,0,nan,nan,nan,nan,nan,nan,nan,nan,nan,nan,nan,0.00000000e+00,5.295661
510,5.186878,178.91,nan,nan,1.605586e-04,215311,nan,nan,nan,nan,0,nan,nan,nan,nan,nan,nan,nan,nan,nan,nan,nan,0.00000000e+00,5.186878
520,5.254893,191.50,nan,nan,1.558887e-04,402397,nan,nan,nan,nan,0,nan,nan,nan,nan,nan,nan,nan,nan,nan,nan,nan,0.00000000e+00,5.254893
530,5.219261,184.80,nan,nan,1.512297e-04,402393,nan,nan,nan,nan,0,nan,nan,nan,nan,nan,nan,nan,nan,nan,nan,nan,0.00000000e+00,5.219261
540,5.226075,186.06,nan,nan,1.465873e-04,402343,nan,nan,nan,nan,0,nan,nan,nan,nan,nan,nan,nan,nan,nan,nan,nan,0.00000000e+00,5.226075
550,5.201911,181.62,nan,nan,1.419669e-04,402373,nan,nan,nan,nan,0,nan,nan,nan,nan,nan,nan,nan,nan,nan,nan,nan,0.00000000e+00,5.201911
560,5.107478,165.25,nan,nan,1.373742e-04,401171,nan,nan,nan,nan,0,nan,nan,nan,nan,nan,nan,nan,nan,nan,nan,nan,0.00000000e+00,5.107478
570,5.184221,178.43,nan,nan,1.328146e-04,402396,nan,nan,nan,nan,0,nan,nan,nan,nan,nan,nan,nan,nan,nan,nan,nan,0.00000000e+00,5.184221
580,5.096413,163.43,nan,nan,1.282937e-04,402355,nan,nan,nan,nan,0,nan,nan,nan,nan,nan,nan,nan,nan,nan,nan,nan,0.00000000e+00,5.096413
590,5.195023,180.37,nan,nan,1.238167e-04,402409,nan,nan,nan,nan,0,nan,nan,nan,nan,nan,nan,nan,nan,nan,nan,nan,0.00000000e+00,5.195023
600,5.030392,152.99,nan,nan,1.193892e-04,402371,nan,nan,nan,nan,0,nan,nan,nan,nan,nan,nan,nan,nan,nan,nan,nan,0.00000000e+00,5.030392
610,5.158298,173.87,nan,nan,1.150164e-04,401285,nan,nan,nan,nan,0,nan,nan,nan,nan,nan,nan,nan,nan,nan,nan,nan,0.00000000e+00,5.158298
620,5.113878,166.31,nan,nan,1.107035e-04,402259,nan,nan,nan,nan,0,nan,nan,nan,nan,nan,nan,nan,nan,nan,nan,nan,0.00000000e+00,5.113878
630,5.076229,160.17,nan,nan,1.064558e-04,402408,nan,nan,nan,nan,0,nan,nan,nan,nan,nan,nan,nan,nan,nan,nan,nan,0.00000000e+00,5.076229
640,5.078207,160.49,nan,nan,1.022783e-04,402361,nan,nan,nan,nan,0,nan,nan,nan,nan,nan,nan,nan,nan,nan,nan,nan,0.00000000e+00,5.078207
650,4.998845,148.24,nan,nan,9.817605e-05,402373,nan,nan,nan,nan,0,nan,nan,nan,nan,nan,nan,nan,nan,nan,nan,nan,0.00000000e+00,4.998845
660,5.060791,157.72,nan,nan,9.415396e-05,401198,nan,nan,nan,nan,0,nan,nan,nan,nan,nan,nan,nan,nan,nan,nan,nan,0.00000000e+00,5.060791
670,4.959770,142.56,nan,nan,9.021686e-05,402355,nan,nan,nan,nan,0,nan,nan,nan,nan,nan,nan,nan,nan,nan,nan,nan,0.00000000e+00,4.959770
680,5.078138,160.47,nan,nan,8.636947e-05,402394,nan,nan,nan,nan,0,nan,nan,nan,nan,nan,nan,nan,nan,nan,nan,nan,0.00000000e+00,5.078138
690,4.979552,145.41,nan,nan,8.261641e-05,402345,nan,nan,nan,nan,0,nan,nan,nan,nan,nan,nan,nan,nan,nan,nan,nan,0.00000000e+00,4.979552
700,5.054341,156.70,nan,nan,7.896217e-05,366350,nan,nan,nan,nan,0,nan,nan,nan,nan,nan,nan,nan,nan,nan,nan,nan,0.00000000e+00,5.054341
710,5.035674,153.80,nan,nan,7.541115e-05,401250,nan,nan,nan,nan,0,nan,nan,nan,nan,nan,nan,nan,nan,nan,nan,nan,0.00000000e+00,5.035674
720,5.053725,156.60,nan,nan,7.196760e-05,402357,nan,nan,nan,nan,0,nan,nan,nan,nan,nan,nan,nan,nan,nan,nan,nan,0.00000000e+00,5.053725
730,4.995504,147.75,nan,nan,6.863566e-05,402386,nan,nan,nan,nan,0,nan,nan,nan,nan,nan,nan,nan,nan,nan,nan,nan,0.00000000e+00,4.995504
740,4.914239,136.22,nan,nan,6.541931e-05,402340,nan,nan,nan,nan,0,nan,nan,nan,nan,nan,nan,nan,nan,nan,nan,nan,0.00000000e+00,4.914239
750,5.015054,150.66,5.001170,148.59,6.232242e-05,402356,nan,nan,nan,nan,0,nan,nan,nan,nan,nan,nan,nan,nan,nan,nan,nan,0.00000000e+00,5.015054
760,4.939103,139.64,nan,nan,5.934871e-05,215968,nan,nan,nan,nan,0,nan,nan,nan,nan,nan,nan,nan,nan,nan,nan,nan,0.00000000e+00,4.939103
770,5.008340,149.66,nan,nan,5.650173e-05,402383,nan,nan,nan,nan,0,nan,nan,nan,nan,nan,nan,nan,nan,nan,nan,nan,0.00000000e+00,5.008340
780,4.961077,142.75,nan,nan,5.378492e-05,402296,nan,nan,nan,nan,0,nan,nan,nan,nan,nan,nan,nan,nan,nan,nan,nan,0.00000000e+00,4.961077
790,5.004713,149.11,nan,nan,5.120151e-05,402384,nan,nan,nan,nan,0,nan,nan,nan,nan,nan,nan,nan,nan,nan,nan,nan,0.00000000e+00,5.004713
800,4.969714,143.99,nan,nan,4.875463e-05,402439,nan,nan,nan,nan,0,nan,nan,nan,nan,nan,nan,nan,nan,nan,nan,nan,0.00000000e+00,4.969714
810,5.005254,149.19,nan,nan,4.644719e-05,401147,nan,nan,nan,nan,0,nan,nan,nan,nan,nan,nan,nan,nan,nan,nan,nan,0.00000000e+00,5.005254
820,4.932494,138.73,nan,nan,4.428197e-05,402423,nan,nan,nan,nan,0,nan,nan,nan,nan,nan,nan,nan,nan,nan,nan,nan,0.00000000e+00,4.932494
830,4.888969,132.82,nan,nan,4.226156e-05,402341,nan,nan,nan,nan,0,nan,nan,nan,nan,nan,nan,nan,nan,nan,nan,nan,0.00000000e+00,4.888969
840,4.966125,143.47,nan,nan,4.038839e-05,402398,nan,nan,nan,nan,0,nan,nan,nan,nan,nan,nan,nan,nan,nan,nan,nan,0.00000000e+00,4.966125
850,4.892100,133.23,nan,nan,3.866471e-05,402336,nan,nan,nan,nan,0,nan,nan,nan,nan,nan,nan,nan,nan,nan,nan,nan,0.00000000e+00,4.892100
860,5.016659,150.91,nan,nan,3.709259e-05,401247,nan,nan,nan,nan,0,nan,nan,nan,nan,nan,nan,nan,nan,nan,nan,nan,0.00000000e+00,5.016659
870,4.911829,135.89,nan,nan,3.567390e-05,402315,nan,nan,nan,nan,0,nan,nan,nan,nan,nan,nan,nan,nan,nan,nan,nan,0.00000000e+00,4.911829
880,4.966641,143.54,nan,nan,3.441035e-05,402432,nan,nan,nan,nan,0,nan,nan,nan,nan,nan,nan,nan,nan,nan,nan,nan,0.00000000e+00,4.966641
890,4.907921,135.36,nan,nan,3.330346e-05,402360,nan,nan,nan,nan,0,nan,nan,nan,nan,nan,nan,nan,nan,nan,nan,nan,0.00000000e+00,4.907921
900,4.977196,145.07,nan,nan,3.235456e-05,402256,nan,nan,nan,nan,0,nan,nan,nan,nan,nan,nan,nan,nan,nan,nan,nan,0.00000000e+00,4.977196
910,4.919362,136.92,nan,nan,3.156478e-05,401141,nan,nan,nan,nan,0,nan,nan,nan,nan,nan,nan,nan,nan,nan,nan,nan,0.00000000e+00,4.919362
920,4.903503,134.76,nan,nan,3.093507e-05,402386,nan,nan,nan,nan,0,nan,nan,nan,nan,nan,nan,nan,nan,nan,nan,nan,0.00000000e+00,4.903503
930,4.987557,146.58,nan,nan,3.046619e-05,402428,nan,nan,nan,nan,0,nan,nan,nan,nan,nan,nan,nan,nan,nan,nan,nan,0.00000000e+00,4.987557
940,4.834833,125.82,nan,nan,3.015869e-05,402367,nan,nan,nan,nan,0,nan,nan,nan,nan,nan,nan,nan,nan,nan,nan,nan,0.00000000e+00,4.834833
950,4.928494,138.17,nan,nan,3.001296e-05,402365,nan,nan,nan,nan,0,nan,nan,nan,nan,nan,nan,nan,nan,nan,nan,nan,0.00000000e+00,4.928494
